,name,area,population,gdp,unemployment,taxes,debt,exchange_rates,internet_users,internet_percent,airports,merchant_marine,military_expenditures,image_urls,gdp_encode
0,Afghanistan,652230.0,40121552.0,2000.0,13.3,9.9,2717000000.0,76.814,722187936.0,18.0,68.0,0.0,3.3,https://www.cia.gov/the-world-factbook/static/2b3a06ae2c0b517dbfe6629f1f967718/0c56d/AF-flag.jpg,low-income
1,Akrotiri and Dhekelia,254.0,0.0,0.0,0.0,19.63145631067961,6712000000.0,0.925,0.0,0.0,0.0,0.0,1.65,https://www.cia.gov/the-world-factbook/static/c6527231b15470013da03f97df673dfe/5422d/AD-flag.jpg,low-income
2,Albania,28748.0,3107100.0,18200.0,10.2,17.8,5363000000.0,93.123,257889300.0,83.0,3.0,69.0,2.0,https://www.cia.gov/the-world-factbook/static/fed891deebb3236abec616fd774c7a6c/de0fc/AL-flag.jpg,average-income
3,Algeria,2381740.0,47022473.0,15200.0,11.4,32.3,4764000000.0,134.053,3620730421.0,77.0,95.0,119.0,8.0,https://www.cia.gov/the-world-factbook/static/0b8515d07d8cd5d40f93527171279805/6c31d/AG-flag.jpg,average-income
4,American Samoa,224.0,43895.0,11200.0,0.0,37.8,6712000000.0,1.0,1768968.0,40.3,3.0,0.0,1.65,https://www.cia.gov/the-world-factbook/static/7779f884f6036232ed10ad0e1404745b/0ca41/AQ-flag.png,average-income
5,Andorra,468.0,85370.0,64600.0,3.7,69.0,6712000000.0,0.924,8110150.0,95.0,0.0,0.0,1.65,https://www.cia.gov/the-world-factbook/static/5a3b39e923ca494d3bd4923cb8bb0c2d/4c6bd/AN-flag.jpg,high-income
6,Angola,1246700.0,37202061.0,7200.0,14.5,10.1,45299000000.0,869.846,1674092745.0,45.0,107.0,64.0,1.0,https://www.cia.gov/the-world-factbook/static/f8266b04912be1432c38e9084b328e91/5a6d1/AO-flag.jpg,average-income
7,Anguilla,91.0,19416.0,0.0,0.0,46.7,6712000000.0,2.7,1584346.0,81.6,1.0,2.0,1.65,https://www.cia.gov/the-world-factbook/static/bb31b658fa6cff60f645b20c15996f9c/a9f34/AV-flag.jpg,low-income
8,Antarctica,14200000.0,0.0,0.0,0.0,19.63145631067961,6712000000.0,1.0,0.0,100.0,31.0,0.0,1.65,https://www.cia.gov/the-world-factbook/static/aa594889b790c1c1de48ef58f573a5ba/394f4/AY-flag.jpg,low-income
9,Antigua and Barbuda,443.0,102634.0,29000.0,0.0,19.6,6712000000.0,2.7,8005452.0,78.0,4.0,614.0,1.65,https://www.cia.gov/the-world-factbook/static/2df2897de636a97a3253e01c93f38d22/5a6d1/AC-flag.jpg,high-income
10,Argentina,2780400.0,46994384.0,27100.0,7.9,11.1,74362000000.0,914.695,4182500176.0,89.0,764.0,201.0,0.6,https://www.cia.gov/the-world-factbook/static/242f28ed72e2462aacb91dc6cc12b850/659d4/AR-flag.jpg,high-income
11,Armenia,29743.0,2976765.0,19200.0,13.3,22.5,6002000000.0,392.73,238141200.0,80.0,11.0,0.0,5.5,https://www.cia.gov/the-world-factbook/static/4c04e11d92945e0716d17d28e80644e2/d3e22/AM-flag.jpg,average-income
12,Aruba,180.0,125063.0,40500.0,7.7,25.2,6712000000.0,1.79,12131111.0,97.0,1.0,1.0,1.65,https://www.cia.gov/the-world-factbook/static/4d17422d6b4c57bc04658ff0d31f1578/d3600/AA-flag.jpg,high-income
13,Ashmore and Cartier Islands,5.0,0.0,0.0,0.0,19.63145631067961,6712000000.0,1.515,0.0,0.0,0.0,0.0,1.65,https://www.cia.gov/the-world-factbook/static/b3526e3d199489a9690b9ab17966c5b4/a8240/AT-flag.jpg,low-income
14,Australia,7741220.0,26768598.0,59600.0,4.1,23.6,6712000000.0,1.515,2596554006.0,97.0,2257.0,604.0,2.0,https://www.cia.gov/the-world-factbook/static/b3526e3d199489a9690b9ab17966c5b4/a8240/AS-flag.jpg,high-income
15,Austria,83871.0,8967982.0,65000.0,5.4,25.9,6712000000.0,0.924,851958290.0,95.0,62.0,1.0,1.0,https://www.cia.gov/the-world-factbook/static/aeb6e44fe03c59364b760652f78d046b/61344/AU-flag.jpg,high-income
16,Azerbaijan,86600.0,10650239.0,21300.0,5.6,15.4,12378000000.0,1.7,947871271.0,89.0,32.0,312.0,5.1,https://www.cia.gov/the-world-factbook/static/6169bbf4522db3db5bb8526974a25ff5/a8240/AJ-flag.jpg,average-income
17,The Bahamas,13880.0,410862.0,33100.0,8.5,17.3,6712000000.0,1.0,39031890.0,95.0,54.0,1274.0,0.7,https://www.cia.gov/the-world-factbook/static/4b154032f603332afbbe5304d2daa1bb/a8240/BF-flag.jpg,high-income
18,Bahrain,760.0,1566888.0,57200.0,1.1,2.8,6712000000.0,0.376,156688800.0,100.0,3.0,184.0,3.0,https://www.cia.gov/the-world-factbook/static/22cad7eccb01bd46b353c1b39ccdfeea/8c0e9/BA-flag.jpg,high-income
19,Bangladesh,148460.0,168697184.0,8200.0,4.7,7.6,58020000000.0,115.801,7591373280.0,45.0,17.0,558.0,0.9,https://www.cia.gov/the-world-factbook/static/cacf3c00147c3beff577b9f0b8c73c0c/71fbe/BG-flag.jpg,average-income
20,Barbados,430.0,304139.0,19200.0,7.5,24.9,6712000000.0,2.0,24331120.0,80.0,1.0,272.0,0.7,https://www.cia.gov/the-world-factbook/static/99bc2add8d354fb43bf83573e5745adc/58b3a/BB-flag.jpg,average-income
21,Belarus,207600.0,9501451.0,27700.0,3.4,12.8,18010000000.0,3.246,874133492.0,92.0,46.0,4.0,2.0,https://www.cia.gov/the-world-factbook/static/e448dc6842b4f256ec43535970f23e7f/a8240/BO-flag.jpg,high-income
22,Belgium,30528.0,11977634.0,64200.0,5.5,22.7,6712000000.0,0.924,1137875230.0,95.0,48.0,198.0,1.3,https://www.cia.gov/the-world-factbook/static/bdb936ec81c2b3a5c1c888dc50042978/c3529/BE-flag.jpg,high-income
23,Benin,112622.0,14697052.0,3700.0,1.7,17.1,6309000000.0,606.345,470305664.0,32.0,10.0,6.0,0.7,https://www.cia.gov/the-world-factbook/static/1abc0c00667c45e72960d603131464ac/c9c14/BN-flag.jpg,low-income
24,Bhutan,38394.0,884546.0,14100.0,2.9,12.3,2827000000.0,83.669,77840048.0,88.0,4.0,0.0,1.65,https://www.cia.gov/the-world-factbook/static/f39ead21d3d45d00b1f4f175c881d85b/41566/BT-flag.jpg,average-income
25,Belize,22966.0,415789.0,12500.0,7.0,21.3,1235000000.0,2.0,29936808.0,72.0,27.0,774.0,1.0,https://www.cia.gov/the-world-factbook/static/d9397848051f774c332e65f5a6b87fbe/c9c14/BH-flag.jpg,average-income
26,Bermuda,54.0,72800.0,98000.0,7.0,16.3,6712000000.0,1.0,7134400.0,98.0,1.0,122.0,1.65,https://www.cia.gov/the-world-factbook/static/e25c83b8f0f3a18af6115ef48b9833f3/aa415/BD-flag.jpg,high-income
27,Bolivia,1098581.0,12311974.0,9800.0,3.1,39.9,11174000000.0,6.91,861838180.0,70.0,201.0,50.0,1.2,https://www.cia.gov/the-world-factbook/static/6d88a206db32928921c65765fb815df4/c9c14/BL-flag.jpg,average-income
28,Bosnia and Herzegovina,51197.0,3798671.0,20100.0,10.7,19.1,5359000000.0,1.808,315289693.0,83.0,20.0,0.0,0.8,https://www.cia.gov/the-world-factbook/static/c053f22709fa106d615cef0d0cf7e202/995b9/BK-flag.jpg,average-income
29,Botswana,581730.0,2450668.0,18800.0,23.1,19.6,1761000000.0,13.563,198504108.0,81.0,122.0,0.0,2.9,https://www.cia.gov/the-world-factbook/static/238f5c992f93619d9f3f6897f3321c3a/c9c14/BC-flag.jpg,average-income
30,Bouvet Island,49.0,0.0,0.0,0.0,19.63145631067961,6712000000.0,10.746,0.0,0.0,0.0,0.0,1.65,https://www.cia.gov/the-world-factbook/static/5798fc33d6f0583d8cbe50d99aac1984/7bdc5/BV-flag.jpg,low-income
31,Brazil,8515770.0,220051512.0,19000.0,7.6,14.2,198582000000.0,5.389,18484327008.0,84.0,5297.0,888.0,1.1,https://www.cia.gov/the-world-factbook/static/3df8e40fa28f17e82d9fb96d8d2394be/a87d6/BR-flag.jpg,average-income
32,British Indian Ocean Territory,60.0,0.0,0.0,0.0,19.63145631067961,6712000000.0,1.0,0.0,0.0,1.0,0.0,1.65,https://www.cia.gov/the-world-factbook/static/6482a939b098f1a178bbed705e0605ae/dc398/IO-flag.jpg,low-income
33,British Virgin Islands,151.0,40102.0,34200.0,0.0,38.9,6712000000.0,1.0,3127956.0,78.0,3.0,29.0,1.65,https://www.cia.gov/the-world-factbook/static/eb22f6fab442bae39c8828da1487f70f/a9f34/VI-flag.jpg,high-income
34,Brunei,5765.0,491900.0,76800.0,5.1,18.5,6712000000.0,1.336,48698100.0,99.0,2.0,97.0,3.0,https://www.cia.gov/the-world-factbook/static/f749d202f8a6d50046640276662f0c6f/a8240/BX-flag.jpg,high-income
35,Bulgaria,110879.0,6782659.0,33400.0,4.1,20.5,14277000000.0,1.808,542612720.0,80.0,107.0,78.0,2.2,https://www.cia.gov/the-world-factbook/static/119c972342201d92880810c63128dd9f/659d4/BU-flag.jpg,high-income
36,Burkina Faso,274200.0,23042199.0,2500.0,5.2,17.7,3565000000.0,606.345,391717383.0,17.0,49.0,0.0,4.5,https://www.cia.gov/the-world-factbook/static/135b240ae4ccaf7e3e0437519858a256/5a6d1/UV-flag.jpg,low-income
37,Burma,676578.0,57527139.0,5400.0,3.0,6.0,8748000000.0,2100.0,3394101201.0,59.0,74.0,101.0,3.9,https://www.cia.gov/the-world-factbook/static/61e95281411d43c102a1d719bd22cf8e/b93f4/BM-flag.jpg,average-income
38,Burundi,27830.0,13590102.0,800.0,0.9,15.6,805174000.0,2574.052,149491122.0,11.0,6.0,0.0,3.5,https://www.cia.gov/the-world-factbook/static/cf62e62630241c55193fef70d184d368/61344/BY-flag.jpg,low-income
39,Cabo Verde,4033.0,611014.0,9300.0,11.9,18.4,1385000000.0,101.922,45215036.0,74.0,10.0,44.0,0.6,https://www.cia.gov/the-world-factbook/static/0bba95cfab0f35b71bd20926fb3b0dea/58b3a/CV-flag.jpg,average-income
40,Cambodia,181035.0,17063669.0,6700.0,0.3,12.0,8019000000.0,4110.653,1040883809.0,61.0,12.0,195.0,1.5,https://www.cia.gov/the-world-factbook/static/8f53f8e336a07a7a3cd36121ebea5b9f/58b3a/CB-flag.jpg,average-income
41,Canada,9984670.0,38794813.0,55900.0,6.4,14.0,6712000000.0,1.369,3646712422.0,94.0,1459.0,716.0,1.4,https://www.cia.gov/the-world-factbook/static/166f67b383bf713162ff75de959d957f/995b9/CA-flag.jpg,high-income
42,Cayman Islands,264.0,66653.0,78100.0,0.0,38.9,6712000000.0,0.833,5398893.0,81.0,3.0,130.0,1.65,https://www.cia.gov/the-world-factbook/static/e3125bd80c9b8e8f8e4ee414d8e85e80/a8240/CJ-flag.jpg,high-income
43,Cameroon,475440.0,30966105.0,4900.0,3.5,11.3,11112000000.0,606.345,1300576410.0,42.0,37.0,198.0,1.0,https://www.cia.gov/the-world-factbook/static/72cad69715ec25b7e0e8e09764d8a55f/58b3a/CM-flag.jpg,low-income
44,Central African Republic,622984.0,5650957.0,1100.0,5.9,8.2,724179000.0,606.345,45207656.0,8.0,43.0,0.0,2.5,https://www.cia.gov/the-world-factbook/static/6a012a30c3f1369f92bfefa83bdae7cc/58b3a/CT-flag.jpg,low-income
45,Chad,1284000.0,19093595.0,1700.0,1.1,13.5,2286000000.0,606.345,248216735.0,13.0,44.0,0.0,3.0,https://www.cia.gov/the-world-factbook/static/9b26067ad574dd8b9eb7405798a3376b/58b3a/CD-flag.jpg,low-income
46,Chile,756102.0,18664652.0,29500.0,9.1,17.7,6712000000.0,943.572,1773141940.0,95.0,379.0,249.0,1.5,https://www.cia.gov/the-world-factbook/static/ea5fede19d4acf99e6da186e63431093/58b3a/CI-flag.jpg,high-income
47,China,9596960.0,1416043270.0,22100.0,4.6,7.8,488114000000.0,7.197,110451375060.0,78.0,552.0,8314.0,1.5,https://www.cia.gov/the-world-factbook/static/a2fe5c3341b8238cda968f0e3564243d/d93c2/CH-flag.jpg,average-income
48,Christmas Island,135.0,1692.0,0.0,0.0,19.63145631067961,6712000000.0,1.505,132991.0,78.6,1.0,0.0,1.65,https://www.cia.gov/the-world-factbook/static/b22c5bb0553bf8af2fce61fe1a8e129e/d3e22/KT-flag.jpg,low-income
49,Clipperton Island,6.0,0.0,0.0,0.0,19.63145631067961,6712000000.0,0.924,0.0,0.0,0.0,0.0,1.65,https://www.cia.gov/the-world-factbook/static/6ff09e3ae4da489810f797ab1cf8e366/c9c14/IP-flag.jpg,low-income
50,Cocos (Keeling) Islands,14.0,593.0,0.0,0.0,19.63145631067961,6712000000.0,1.505,7946.0,13.4,1.0,0.0,1.65,https://www.cia.gov/the-world-factbook/static/b3526e3d199489a9690b9ab17966c5b4/a8240/CK-flag.jpg,low-income
51,Colombia,1138910.0,49588357.0,18700.0,9.6,17.7,108027000000.0,4074.434,3818303489.0,77.0,661.0,153.0,3.4,https://www.cia.gov/the-world-factbook/static/bc9e48880a8d14ccb99e8d800d872722/c9c14/CO-flag.jpg,average-income
52,DRC,2344858.0,115403027.0,1500.0,4.6,11.4,7926000000.0,2340.036,3577493837.0,31.0,273.0,24.0,1.2,https://www.cia.gov/the-world-factbook/static/18855cf17229ec30204e367798ee1863/c9c14/CG-flag.jpg,low-income
53,Congo (Brazzaville),342000.0,6097665.0,6200.0,19.7,6.5,6360000000.0,606.345,231711270.0,38.0,56.0,11.0,1.2,https://www.cia.gov/the-world-factbook/static/242e48bc72c0306137dd2baca8776ee2/c9c14/CF-flag.jpg,average-income
54,Cook Islands,236.0,7761.0,15600.0,0.0,19.63145631067961,6712000000.0,1.628,502913.0,64.8,10.0,190.0,1.65,https://www.cia.gov/the-world-factbook/static/42ca5a6b6976e0431a66d28f3d4f9a5d/5422d/CW-flag.jpg,average-income
55,Costa Rica,51100.0,5265575.0,26300.0,7.8,13.9,15574000000.0,515.11,447573875.0,85.0,132.0,11.0,0.6,https://www.cia.gov/the-world-factbook/static/582dd53d785c413d78bbd0ad7e090eae/1cb3b/CS-flag.jpg,high-income
56,Comoros,2235.0,900141.0,3500.0,3.9,25.3,267652000.0,454.524,32405076.0,36.0,3.0,273.0,1.65,https://www.cia.gov/the-world-factbook/static/3f4bd5022fb2ca91f280c9a3c957123a/fd889/CN-flag.jpg,low-income
57,CÃ´te d'Ivoire,322463.0,29981758.0,6500.0,2.3,13.4,26576000000.0,606.345,1229252078.0,41.0,29.0,25.0,0.8,https://www.cia.gov/the-world-factbook/static/a3f4ff18c9bf3a40847998ffa59d11b8/acc32/IV-flag.jpg,average-income
58,Croatia,56594.0,4150116.0,41100.0,5.2,21.5,6712000000.0,0.924,344459628.0,83.0,45.0,384.0,1.8,https://www.cia.gov/the-world-factbook/static/73ba27cd0ddd40165aac433837725cfe/35a22/HR-flag.jpg,high-income
59,Coral Sea Islands,3.0,0.0,0.0,0.0,19.63145631067961,6712000000.0,1.515,0.0,0.0,0.0,0.0,1.65,https://www.cia.gov/the-world-factbook/static/b3526e3d199489a9690b9ab17966c5b4/a8240/CR-flag.jpg,low-income
60,Cuba,110860.0,10966038.0,12300.0,1.5,58.1,6712000000.0,24.0,778588698.0,71.0,120.0,65.0,4.2,https://www.cia.gov/the-world-factbook/static/8061442a83ec52dabe4c68548b07c7ad/995b9/CU-flag.jpg,average-income
61,Curacao,444.0,153289.0,28900.0,0.0,19.63145631067961,6712000000.0,1.79,10423652.0,68.0,1.0,57.0,1.65,https://www.cia.gov/the-world-factbook/static/f6ebc382443e2e57f73fa1dc589532cc/5a6d1/UC-flag.jpg,high-income
62,Cyprus,9251.0,1320525.0,53400.0,5.6,24.1,6712000000.0,0.924,120167775.0,91.0,14.0,1005.0,1.7,https://www.cia.gov/the-world-factbook/static/93d228279337d07ca122a0bd61b11016/47aca/CY-flag.jpg,high-income
63,Czechia,78867.0,10837890.0,49700.0,2.5,12.6,6712000000.0,23.217,932058540.0,86.0,252.0,0.0,2.1,https://www.cia.gov/the-world-factbook/static/fb895cb6bc31a81d7a13dde5b11c8bf2/c9c14/EZ-flag.jpg,high-income
64,Denmark,43094.0,5973136.0,72100.0,5.6,31.4,6712000000.0,6.894,597313600.0,100.0,102.0,715.0,2.4,https://www.cia.gov/the-world-factbook/static/041c62d3d4b748f4550d576057b0f611/2eddc/DA-flag.jpg,high-income
65,Djibouti,23200.0,994974.0,6400.0,25.9,35.3,2531000000.0,177.721,64673310.0,65.0,10.0,40.0,3.5,https://www.cia.gov/the-world-factbook/static/745c57b1b729985a260bcc0e8bbc754e/58b3a/DJ-flag.jpg,average-income
66,Dominica,751.0,74661.0,17400.0,0.0,40.9,301191000.0,2.7,6271524.0,84.0,2.0,77.0,1.65,https://www.cia.gov/the-world-factbook/static/d58c6838e2a8593a26ce0efb8fcb3bc9/a8240/DO-flag.jpg,average-income
67,The Dominican,48670.0,10815857.0,23100.0,5.5,13.8,35044000000.0,59.565,919347845.0,85.0,32.0,40.0,0.8,https://www.cia.gov/the-world-factbook/static/28eae13e6f0abab23e1b3e9f4b224e38/2b842/DR-flag.jpg,average-income
68,Ecuador,283561.0,18309984.0,14500.0,4.8,13.0,39658000000.0,1.0,1409868768.0,77.0,317.0,154.0,2.2,https://www.cia.gov/the-world-factbook/static/0c8b9a22ba84ea38cf839c33f727042f/3fbeb/EC-flag.jpg,average-income
69,Egypt,1001450.0,111247248.0,16700.0,7.2,12.5,117272000000.0,45.299,8121049104.0,73.0,73.0,441.0,0.8,https://www.cia.gov/the-world-factbook/static/dc3efb61fa3e9595efd88163dc0e1e3d/58b3a/EG-flag.jpg,average-income
70,El Salvador,21041.0,6628702.0,11400.0,2.8,20.6,12668000000.0,1.0,450751736.0,68.0,27.0,5.0,1.2,https://www.cia.gov/the-world-factbook/static/d57ea746ed6644a80c07ea5ddeadbdfe/1cb3b/ES-flag.jpg,average-income
71,Equatorial Guinea,28051.0,1795834.0,15700.0,7.8,6.6,6712000000.0,606.345,107750040.0,60.0,7.0,53.0,1.0,https://www.cia.gov/the-world-factbook/static/c67b3b64d8f36f8089be2bb0e3480135/d93c2/EK-flag.jpg,average-income
72,Eritrea,117600.0,6343956.0,1600.0,5.6,34.9,461376000.0,15.075,126879120.0,20.0,11.0,9.0,10.0,https://www.cia.gov/the-world-factbook/static/cec78149eb5101065d53bad32fffcd70/a8240/ER-flag.jpg,low-income
73,Estonia,45228.0,1193791.0,42500.0,7.8,21.4,6712000000.0,0.924,111022563.0,93.0,34.0,72.0,3.4,https://www.cia.gov/the-world-factbook/static/1928d48f521bbf3e09a0b62ee3f85d9f/b73dd/EN-flag.jpg,high-income
74,Eswatini,17364.0,1138089.0,10100.0,34.4,24.7,923266000.0,18.318,66009162.0,58.0,16.0,0.0,1.4,https://www.cia.gov/the-world-factbook/static/86f6355108c50757568024a9b21e4054/5039a/WZ-flag.jpg,average-income
75,Ethiopia,1104300.0,118550298.0,2800.0,3.4,3.9,25426000000.0,54.601,2015355066.0,17.0,58.0,12.0,0.7,https://www.cia.gov/the-world-factbook/static/84eae15dafba90d949cbc8a06ec5d599/54de6/ET-flag.jpg,low-income
76,European Union,4236351.0,451815312.0,54400.0,5.9,19.8,6712000000.0,0.925,40663378080.0,90.0,5211.0,0.0,1.9,https://www.cia.gov/the-world-factbook/static/15c2ae464519ce7d43ad99cc8f504c04/3597b/EE-flag.jpg,high-income
77,Faroe Islands,1393.0,52933.0,70400.0,2.2,19.63145631067961,6712000000.0,6.894,5187434.0,98.0,1.0,91.0,1.65,https://www.cia.gov/the-world-factbook/static/22f20af6490d94748533f6c679f1a3b2/e772e/FO-flag.jpg,high-income
78,Falkland Islands (Islas Malvinas),12173.0,3142.0,70800.0,1.0,19.63145631067961,6712000000.0,0.805,311058.0,99.0,34.0,2.0,1.65,https://www.cia.gov/the-world-factbook/static/369cc988478defd65fd8ece038c7947f/a8240/FK-flag.jpg,high-income
79,Finland,338145.0,5626414.0,57100.0,8.3,25.3,6712000000.0,0.924,528882916.0,94.0,98.0,282.0,2.4,https://www.cia.gov/the-world-factbook/static/fbda235c74f64157a07433d9f999f46b/bec52/FI-flag.jpg,high-income
80,French Polynesia,4167.0,303540.0,18600.0,11.8,19.63145631067961,6712000000.0,110.306,22158420.0,73.0,54.0,24.0,1.65,https://www.cia.gov/the-world-factbook/static/516c0c4d2374e00505c16101f44b22df/c9c14/FP-flag.jpg,average-income
81,"Gaza, Gaza Strip",360.0,2141643.0,5300.0,24.4,21.5,6712000000.0,3.36,186322941.0,87.0,0.0,0.0,1.65,,average-income
82,French Southern and Antarctic Lands,55.0,0.0,0.0,0.0,19.63145631067961,6712000000.0,0.924,0.0,0.0,4.0,2.0,1.65,https://www.cia.gov/the-world-factbook/static/6ff09e3ae4da489810f797ab1cf8e366/c9c14/FS-flag.jpg,low-income
83,Fiji,18274.0,951611.0,13700.0,4.3,20.7,1397000000.0,2.268,75177269.0,79.0,26.0,74.0,1.4,https://www.cia.gov/the-world-factbook/static/df9716822d38505a403a6c0af6bb83a1/995b9/FJ-flag.jpg,average-income
84,Gabon,267667.0,2455105.0,18700.0,20.1,9.5,6442000000.0,606.345,176767560.0,72.0,42.0,87.0,1.5,https://www.cia.gov/the-world-factbook/static/24bceaf7f8b932203f3f76ecf06b0af4/c9c14/GB-flag.jpg,average-income
85,The Gambia,11300.0,2523327.0,2900.0,6.5,20.3,902421000.0,61.096,116073042.0,46.0,1.0,15.0,0.6,https://www.cia.gov/the-world-factbook/static/b71a15ee30226bf04936fd9e80a18c2b/c9c14/GA-flag.jpg,low-income
86,France,643801.0,68374591.0,55400.0,7.4,23.1,6712000000.0,0.924,5948589417.0,87.0,1218.0,553.0,2.1,https://www.cia.gov/the-world-factbook/static/6ff09e3ae4da489810f797ab1cf8e366/c9c14/FR-flag.jpg,high-income
87,Ghana,238533.0,34589092.0,6800.0,3.0,12.3,29241000000.0,11.02,2421236440.0,70.0,11.0,52.0,0.4,https://www.cia.gov/the-world-factbook/static/89fce68954745db3665b757885689a51/58b3a/GH-flag.jpg,average-income
88,Greece,131957.0,10461091.0,36900.0,10.1,26.6,6712000000.0,0.924,889192735.0,85.0,82.0,1215.0,3.1,https://www.cia.gov/the-world-factbook/static/fda094a0603933e16fe1478d2725d044/de1cf/GR-flag.jpg,high-income
89,Greenland,2166086.0,57751.0,68100.0,0.0,77.4,6712000000.0,6.894,4042570.0,70.0,25.0,10.0,1.65,https://www.cia.gov/the-world-factbook/static/d902494558f52873836ad15301dfea04/58b3a/GL-flag.jpg,high-income
90,Grenada,344.0,114621.0,16900.0,24.0,25.8,501371000.0,2.7,8481954.0,74.0,2.0,6.0,1.65,https://www.cia.gov/the-world-factbook/static/b1b7e87073621a468ab691631686fc1e/23e06/GJ-flag.jpg,average-income
91,Georgia,69700.0,4900961.0,22600.0,11.5,23.6,9085000000.0,2.721,401878802.0,82.0,21.0,26.0,1.7,https://www.cia.gov/the-world-factbook/static/811c8e2bcdf7de20a0a7116b7233f346/58b3a/GG-flag.jpg,average-income
92,Guam,544.0,169532.0,35600.0,5.6,21.4,6712000000.0,1.0,13732092.0,81.0,3.0,3.0,1.65,https://www.cia.gov/the-world-factbook/static/27540a7789f0e25aa66538c005f5ac42/d3e22/GQ-flag.jpg,high-income
93,Germany,357022.0,84119100.0,63600.0,3.4,11.0,6712000000.0,0.924,7907195400.0,94.0,840.0,595.0,2.1,https://www.cia.gov/the-world-factbook/static/8d077ebb024df7e5bb9abffd4d7e9b2e/2659a/GM-flag.jpg,high-income
94,Guatemala,108889.0,18255216.0,12400.0,2.2,11.6,11862000000.0,7.759,1022292096.0,56.0,58.0,9.0,0.4,https://www.cia.gov/the-world-factbook/static/57ec37c7073a7e267b5406fb772d0113/5d511/GT-flag.jpg,average-income
95,Gibraltar,7.0,29683.0,61700.0,1.0,19.63145631067961,6712000000.0,0.782,2790202.0,94.0,1.0,129.0,1.65,https://www.cia.gov/the-world-factbook/static/6960544834c423ea28219f9fd135641b/995b9/GI-flag.jpg,high-income
96,Guernsey,78.0,67787.0,52500.0,6.3,19.63145631067961,6712000000.0,0.782,5870354.0,86.6,2.0,0.0,1.65,https://www.cia.gov/the-world-factbook/static/36c35a3d0c116c7f43e59e38c7696efe/5d511/GK-flag.jpg,high-income
97,Guinea,245857.0,13986179.0,3900.0,5.2,16.6,3764000000.0,9565.082,377626833.0,27.0,16.0,2.0,2.1,https://www.cia.gov/the-world-factbook/static/c32c5c5e52cd4dffd129ad2c5c06dcde/58b3a/GV-flag.jpg,low-income
98,Guinea-Bissau,36125.0,2132325.0,2600.0,2.6,8.6,896812000.0,606.345,70366725.0,33.0,7.0,20.0,1.2,https://www.cia.gov/the-world-factbook/static/64f46165193fa4e26615bd346ea81cfc/995b9/PU-flag.jpg,low-income
99,Haiti,27750.0,11753943.0,3000.0,15.1,18.2,1865000000.0,131.811,458403777.0,39.0,17.0,4.0,1.65,https://www.cia.gov/the-world-factbook/static/2a1b90800af8530bf6fde9ab9a0445ea/58b3a/HA-flag.jpg,low-income
100,Heard Island and McDonald Islands,412.0,0.0,0.0,0.0,19.63145631067961,6712000000.0,1.515,0.0,0.0,0.0,0.0,1.65,https://www.cia.gov/the-world-factbook/static/b3526e3d199489a9690b9ab17966c5b4/a8240/HM-flag.jpg,low-income
101,Honduras,112090.0,9529188.0,6500.0,6.1,15.1,7785000000.0,24.799,552692904.0,58.0,129.0,489.0,1.5,https://www.cia.gov/the-world-factbook/static/edddadc5890b938bf132b2a37d0e8172/eea72/HO-flag.jpg,average-income
102,Hong Kong,1108.0,7297821.0,64500.0,2.8,23.2,6712000000.0,7.804,700590816.0,96.0,2.0,2537.0,1.65,https://www.cia.gov/the-world-factbook/static/147ab27ecdff7ec5bfcac6b470f6f2dc/5d511/HK-flag.jpg,high-income
103,Guyana,214969.0,794099.0,49300.0,10.2,28.1,1805000000.0,208.5,65116118.0,82.0,55.0,80.0,0.9,https://www.cia.gov/the-world-factbook/static/7f8c6567808575299b513621af7bc3a3/c9c14/GY-flag.jpg,high-income
104,Hungary,93028.0,9855745.0,40500.0,4.4,23.4,6712000000.0,365.691,906728540.0,92.0,109.0,1.0,2.1,https://www.cia.gov/the-world-factbook/static/6704962ae51feb23631ba10493b65d87/58b3a/HU-flag.jpg,high-income
105,Holy See (Vatican City),0.0,1000.0,0.0,0.0,19.63145631067961,6712000000.0,0.925,87000.0,87.0,0.0,0.0,1.65,https://www.cia.gov/the-world-factbook/static/358a0dd063db140b3b6ff71dfce033fd/10998/VT-flag.jpg,low-income
106,Iceland,103000.0,364036.0,67300.0,3.1,23.4,6712000000.0,137.958,36403600.0,100.0,82.0,39.0,1.65,https://www.cia.gov/the-world-factbook/static/5383603e61da56f6586e50ecbe0ebe6f/38034/IC-flag.jpg,high-income
107,India,3287263.0,1409128296.0,9200.0,4.2,6.7,212728000000.0,83.669,78911184576.0,56.0,315.0,1859.0,2.0,https://www.cia.gov/the-world-factbook/static/4abd686317d1c5b2af07eec1face332d/58b3a/IN-flag.jpg,average-income
108,Iran,1648195.0,88386937.0,15900.0,9.2,17.3,6759000000.0,42000.0,7070954960.0,80.0,177.0,965.0,2.0,https://www.cia.gov/the-world-factbook/static/834c38a8db9b10222dc62a847b051463/e031f/IR-flag.jpg,average-income
109,Ireland,70273.0,5233461.0,114900.0,4.4,16.8,6712000000.0,0.924,507645717.0,97.0,100.0,94.0,0.2,https://www.cia.gov/the-world-factbook/static/1bfe999ef1051c25a748dc60e8c0b2a3/a8240/EI-flag.jpg,high-income
110,Israel,21937.0,9402617.0,48400.0,3.2,22.1,6712000000.0,3.7,818027679.0,87.0,40.0,41.0,8.0,https://www.cia.gov/the-world-factbook/static/b2351346b4eb8579d34adfa5463f7685/a11fb/IS-flag.jpg,high-income
111,Indonesia,1904569.0,281562465.0,13900.0,3.3,11.6,225273000000.0,15855.448,19427810085.0,69.0,556.0,11422.0,0.8,https://www.cia.gov/the-world-factbook/static/658471cecd516cecd70fe91324b34d02/c9c14/ID-flag.jpg,average-income
112,Italy,301340.0,60964931.0,53300.0,6.8,24.9,6712000000.0,0.924,5303948997.0,87.0,655.0,1276.0,1.5,https://www.cia.gov/the-world-factbook/static/33b85da9b15e69745c3d63b6025f5e05/61344/IT-flag.jpg,high-income
113,Iraq,438317.0,42083436.0,12700.0,15.5,1.3,15580000000.0,1300.0,3450841752.0,82.0,73.0,74.0,2.5,https://www.cia.gov/the-world-factbook/static/d36ed53850af233282da1905a6cd0415/58b3a/IZ-flag.jpg,average-income
114,Isle of Man,572.0,92269.0,84600.0,1.1,19.63145631067961,6712000000.0,0.782,0.0,0.0,4.0,269.0,1.65,https://www.cia.gov/the-world-factbook/static/54df35492fb881934b6508c7a89cba97/5a6d1/IM-flag.jpg,high-income
115,Jan Mayen,377.0,0.0,0.0,0.0,19.63145631067961,6712000000.0,10.746,0.0,0.0,0.0,0.0,1.65,https://www.cia.gov/the-world-factbook/static/5798fc33d6f0583d8cbe50d99aac1984/7bdc5/JN-flag.jpg,low-income
116,Japan,377915.0,123201945.0,46200.0,2.6,35.2,6712000000.0,151.366,10718569215.0,87.0,280.0,5229.0,1.4,https://www.cia.gov/the-world-factbook/static/f8a50feaf50a9cc30a4fac576cf41c03/58b3a/JA-flag.jpg,high-income
117,Jamaica,10991.0,2823713.0,10300.0,4.9,25.7,9636000000.0,156.44,234368179.0,83.0,20.0,40.0,1.4,https://www.cia.gov/the-world-factbook/static/7cdfdec7aab8523c71170f2696421c9d/a8240/JM-flag.jpg,average-income
118,Jersey,116.0,103387.0,56600.0,6.3,19.63145631067961,6712000000.0,0.782,4238867.0,41.0,1.0,0.0,1.65,https://www.cia.gov/the-world-factbook/static/b3263b5ca2822aedac6d6b19c0ac3d13/e96bf/JE-flag.jpg,high-income
119,Jordan,89342.0,11174024.0,9400.0,18.0,17.1,21058000000.0,0.71,1039184232.0,93.0,18.0,34.0,4.5,https://www.cia.gov/the-world-factbook/static/49d79f219f064dca25c3c2fcee71435d/a8240/JO-flag.jpg,average-income
120,Kazakhstan,2724900.0,20260006.0,34700.0,4.8,11.9,25765000000.0,468.962,1884180558.0,93.0,132.0,122.0,0.9,https://www.cia.gov/the-world-factbook/static/c4532ffe3da5a575e2c86326fd181dc6/d01e1/KZ-flag.jpg,high-income
121,Kenya,580367.0,58246378.0,5700.0,5.4,14.0,31451000000.0,134.822,2038623230.0,35.0,368.0,26.0,1.1,https://www.cia.gov/the-world-factbook/static/9d78485baf5464695b2d2b0fdb6f1c89/58b3a/KE-flag.jpg,average-income
122,Kiribati,811.0,116545.0,3200.0,0.0,18.3,6712000000.0,1.515,10255960.0,88.0,21.0,74.0,1.65,https://www.cia.gov/the-world-factbook/static/3bcf01355e73484c31ebc74f2d10b1ae/58b3a/KR-flag.jpg,low-income
123,North Korea,120538.0,26298666.0,1700.0,2.9,19.63145631067961,6712000000.0,135.0,0.0,0.0,81.0,264.0,2010.0,https://www.cia.gov/the-world-factbook/static/32a62338013a84333a48cfb748f4492b/a8240/KN-flag.jpg,low-income
124,South Korea,99720.0,52081799.0,50600.0,2.6,15.7,6712000000.0,1363.375,5051934503.0,97.0,92.0,2149.0,2.3,https://www.cia.gov/the-world-factbook/static/9470069f08f52649838310aa6aab7bf1/21004/KS-flag.jpg,high-income
125,Kosovo,10887.0,1977093.0,13600.0,30.5,29.0,785739000.0,0.924,175961277.0,89.0,2.0,0.0,1.5,https://www.cia.gov/the-world-factbook/static/73c966596261ef9112ac47e093b04012/659d4/KV-flag.jpg,average-income
126,Kuwait,17818.0,3138355.0,46500.0,2.1,41.8,6712000000.0,0.307,313835500.0,100.0,6.0,176.0,4.9,https://www.cia.gov/the-world-factbook/static/23c87358d7ba9b6f1e4665d526e5d2dc/d3e22/KU-flag.jpg,high-income
127,Kyrgyzstan,199951.0,6172101.0,6400.0,3.3,21.3,3617000000.0,87.856,549316989.0,89.0,28.0,0.0,3.0,https://www.cia.gov/the-world-factbook/static/2512fc2267fa81db56cbbc586d1f0bb3/5a6d1/KG-flag.jpg,average-income
128,Laos,236800.0,7953556.0,8400.0,1.2,12.1,9619000000.0,17688.874,509027584.0,64.0,20.0,1.0,0.2,https://www.cia.gov/the-world-factbook/static/a01261307b72d4c4b44ea9eb02e6a28d/5a6d1/LA-flag.jpg,average-income
129,Lebanon,10400.0,5364482.0,12300.0,11.5,5.7,41936000000.0,13875.625,450616488.0,84.0,8.0,51.0,2.9,https://www.cia.gov/the-world-factbook/static/e7522d7753cda4c412dcfa75b247d7a4/58b3a/LE-flag.jpg,average-income
130,Lesotho,30355.0,2227548.0,2600.0,16.1,30.4,928019000.0,18.329,106922304.0,48.0,34.0,0.0,1.5,https://www.cia.gov/the-world-factbook/static/99a1d7293f0211f3d8b7a30388462b20/61344/LT-flag.jpg,low-income
131,Latvia,64589.0,1801246.0,37000.0,6.7,16.8,6712000000.0,0.924,165714632.0,92.0,55.0,83.0,3.2,https://www.cia.gov/the-world-factbook/static/d56b6a3fd886fa5b060f55bf52d4a9f0/d01e1/LG-flag.jpg,high-income
132,Libya,1759540.0,7361263.0,12500.0,18.6,51.6,6712000000.0,4.832,655152407.0,89.0,75.0,96.0,1.65,https://www.cia.gov/the-world-factbook/static/3b9e9f7e6dae97e44fbfb260b614524d/d1104/LY-flag.jpg,average-income
133,Liechtenstein,160.0,40272.0,0.0,0.0,19.63145631067961,6712000000.0,0.88,3906384.0,97.0,0.0,17.0,1.65,https://www.cia.gov/the-world-factbook/static/dd081e50a07216feafa0a4cc23971c44/5a6d1/LS-flag.jpg,low-income
134,Liberia,111369.0,5437249.0,1600.0,2.9,19.63145631067961,1335000000.0,174.956,130493976.0,24.0,19.0,4821.0,0.7,https://www.cia.gov/the-world-factbook/static/2ea9f5edd4a13158922cd907d145d797/3fbeb/LI-flag.jpg,low-income
135,Lithuania,65300.0,2628186.0,46700.0,7.5,21.4,6712000000.0,0.924,233908554.0,89.0,64.0,59.0,2.9,https://www.cia.gov/the-world-factbook/static/e8316ad57971f25817c74e752f291ad9/c9c14/LH-flag.jpg,high-income
136,Luxembourg,2586.0,671254.0,132800.0,5.9,27.8,6712000000.0,0.924,66454146.0,99.0,3.0,147.0,1.3,https://www.cia.gov/the-world-factbook/static/c6540c5972b5b3c6134c4f08a88e9cac/3a8a8/LU-flag.jpg,high-income
137,Macau,28.0,644426.0,105000.0,2.4,22.8,6712000000.0,8.037,57353914.0,89.0,1.0,5.0,1.65,https://www.cia.gov/the-world-factbook/static/93d6d827ccef14fe78075e327d70143f/58b3a/MC-flag.jpg,high-income
138,Madagascar,587041.0,29452714.0,1600.0,3.0,9.4,3548000000.0,4525.425,589054280.0,20.0,93.0,29.0,0.7,https://www.cia.gov/the-world-factbook/static/b2c15afd8a0f40a96565c89bca7bb541/58b3a/MA-flag.jpg,low-income
139,Malaysia,329847.0,34564810.0,32800.0,3.8,12.6,6712000000.0,4.576,3387351380.0,98.0,100.0,1750.0,1.0,https://www.cia.gov/the-world-factbook/static/1a35dbd9eb0b8ea8e77d83ea22c5b2c8/814e6/MY-flag.jpg,high-income
140,Malawi,118484.0,21763309.0,1600.0,5.0,13.5,2269000000.0,1161.094,391739562.0,18.0,27.0,0.0,0.8,https://www.cia.gov/the-world-factbook/static/0fce22da4c6b2b44156ac701ac5168e5/78489/MI-flag.jpg,low-income
141,Maldives,298.0,388858.0,22300.0,4.6,19.5,3113000000.0,15.389,33052930.0,85.0,20.0,82.0,1.65,https://www.cia.gov/the-world-factbook/static/8f59611e480e43ccfe304f6e6dced39d/58b3a/MV-flag.jpg,average-income
142,Malta,316.0,469730.0,61100.0,2.7,21.8,6712000000.0,0.924,43215160.0,92.0,1.0,1957.0,0.5,https://www.cia.gov/the-world-factbook/static/fc3ca9fe1ff24fe343de79484c987b4c/58b3a/MT-flag.jpg,high-income
143,Mauritius,2040.0,1310504.0,26600.0,5.5,19.8,3632000000.0,46.415,104840320.0,80.0,5.0,32.0,1.65,https://www.cia.gov/the-world-factbook/static/4ec656c3db88be4fa8284f71e30bae99/58b3a/MP-flag.jpg,high-income
144,Mali,1240192.0,21990607.0,2400.0,3.1,14.2,4085000000.0,606.345,769671245.0,35.0,30.0,0.0,4.3,https://www.cia.gov/the-world-factbook/static/3a5068be8c4ca5aae3519362db185e76/58b3a/ML-flag.jpg,low-income
145,Mexico,1964375.0,130739927.0,22100.0,2.7,14.3,306308000000.0,18.305,10589934087.0,81.0,1580.0,674.0,0.9,https://www.cia.gov/the-world-factbook/static/2e110acbc6423b09bdd550c61d4f0335/23e06/MX-flag.jpg,average-income
146,Marshall Islands,181.0,82011.0,6800.0,0.0,17.2,6712000000.0,1.0,5412726.0,66.0,33.0,4180.0,1.65,https://www.cia.gov/the-world-factbook/static/13849baca93737f0bed7a0da7cb14726/a8240/RM-flag.jpg,average-income
147,Mauritania,1030700.0,4328040.0,6300.0,10.4,27.4,3072000000.0,36.489,160137480.0,37.0,25.0,11.0,2.4,https://www.cia.gov/the-world-factbook/static/927d798429517834018b57c275962c09/5b76b/MR-flag.jpg,average-income
148,Federated States of Micronesia,702.0,99603.0,3900.0,0.0,7.0,6712000000.0,1.0,4083723.0,41.0,7.0,38.0,1.65,https://www.cia.gov/the-world-factbook/static/8aefc813dcff7090ab325f3e7ababf15/2627b/FM-flag.jpg,low-income
149,Moldova,33851.0,3599528.0,15900.0,1.4,18.8,2637000000.0,17.792,287962240.0,80.0,10.0,75.0,0.6,https://www.cia.gov/the-world-factbook/static/4ceb6ebee56d5441bb62ba7eeae20f76/d01e1/MD-flag.jpg,average-income
150,Monaco,2.0,31813.0,115700.0,0.0,19.63145631067961,6712000000.0,0.924,3149487.0,99.0,0.0,1.0,1.65,https://www.cia.gov/the-world-factbook/static/9a8017f1bb59a0e9e9c85a551d659354/5a6d1/MN-flag.jpg,high-income
151,Mongolia,1564116.0,3281676.0,16200.0,5.4,16.9,8379000000.0,3389.982,272379108.0,83.0,37.0,318.0,0.7,https://www.cia.gov/the-world-factbook/static/334e170f21e38de7bc98127f728f1ded/afe9e/MG-flag.jpg,average-income
152,Montenegro,13812.0,599849.0,27900.0,14.1,37.2,3643000000.0,0.924,53986410.0,90.0,5.0,18.0,2.0,https://www.cia.gov/the-world-factbook/static/0809c26db173396575edc3b8aded4352/1f608/MJ-flag.jpg,high-income
153,Montserrat,102.0,5468.0,2011.0,5.6,19.63145631067961,6712000000.0,2.7,298553.0,54.6,1.0,0.0,1.65,https://www.cia.gov/the-world-factbook/static/f497c7c0af8433cc87ace25662d06fd9/995b9/MH-flag.jpg,low-income
154,Mozambique,799380.0,33350954.0,1500.0,3.5,22.7,8273999999.999999,63.905,667019080.0,20.0,92.0,36.0,1.5,https://www.cia.gov/the-world-factbook/static/e9b58bad631a0149abf41c6af5ba6a89/c9c14/MZ-flag.jpg,low-income
155,Namibia,824292.0,2803660.0,10100.0,19.1,27.2,6712000000.0,18.329,179434240.0,64.0,259.0,15.0,2.8,https://www.cia.gov/the-world-factbook/static/35815fe5e1857172b611959abdd682f6/c9c14/WA-flag.jpg,average-income
156,Nauru,21.0,9892.0,12500.0,0.0,44.4,6712000000.0,1.515,811144.0,82.0,1.0,6.0,1.65,https://www.cia.gov/the-world-factbook/static/d1cb9100d645c7d70979da4d5048048d/a8240/NR-flag.jpg,average-income
157,Navassa Island,5.0,0.0,0.0,0.0,19.63145631067961,6712000000.0,1.369,0.0,0.0,0.0,0.0,1.65,https://www.cia.gov/the-world-factbook/static/ee588cf04d974c70ba0b0169ed7e1050/a8344/BQ-flag.jpg,low-income
158,Nepal,147181.0,31122387.0,4900.0,10.7,17.5,5719000000.0,133.727,1742853672.0,56.0,51.0,0.0,1.0,https://www.cia.gov/the-world-factbook/static/b841fe443d07c53e75c71bc4e77944f2/1a050/NP-flag.jpg,low-income
159,Morocco,716550.0,37387585.0,8900.0,8.9,21.0,42262000000.0,9.942,3402270235.0,91.0,48.0,94.0,4.0,https://www.cia.gov/the-world-factbook/static/50a136b9fc4269e69638bd3916fdd677/c9c14/MO-flag.jpg,average-income
160,Netherlands,41543.0,17772378.0,71400.0,3.6,24.8,6712000000.0,0.924,1723920666.0,97.0,44.0,1187.0,2.1,https://www.cia.gov/the-world-factbook/static/5c43f5bf65fb2d64d0fd074d3128845f/c9c14/NL-flag.jpg,high-income
161,New Caledonia,18575.0,304167.0,35700.0,11.2,19.63145631067961,6712000000.0,110.306,24941694.0,82.0,21.0,23.0,1.65,https://www.cia.gov/the-world-factbook/static/6ff09e3ae4da489810f797ab1cf8e366/c9c14/NC-flag.jpg,high-income
162,Niger,1267000.0,26342784.0,1700.0,0.4,21.4,3793000000.0,606.345,605884032.0,23.0,26.0,0.0,2.0,https://www.cia.gov/the-world-factbook/static/abacdc943274f26ca57154e10302d408/58b3a/NG-flag.jpg,low-income
163,Norfolk Island,36.0,1739.0,0.0,0.0,19.63145631067961,6712000000.0,1.505,80168.0,46.1,1.0,0.0,1.65,https://www.cia.gov/the-world-factbook/static/1455eb8ab83d7beeb05f36dc09ddc94d/a8240/NF-flag.jpg,low-income
164,New Zealand,268838.0,5161211.0,48800.0,4.9,29.9,6712000000.0,1.652,495476256.0,96.0,206.0,117.0,1.3,https://www.cia.gov/the-world-factbook/static/806fceacb2cc0d2ac59c30db0e653d2b/49d47/NZ-flag.jpg,high-income
165,North Macedonia,25713.0,2135622.0,23600.0,13.4,17.4,5637000000.0,56.873,185799114.0,87.0,13.0,0.0,2.2,https://www.cia.gov/the-world-factbook/static/1b99bd1a848dc241a1975cb8b1c45fb3/5a6d1/MK-flag.jpg,average-income
166,Nicaragua,130370.0,6676948.0,7500.0,4.6,19.9,6753000000.0,36.624,387262984.0,58.0,39.0,5.0,0.5,https://www.cia.gov/the-world-factbook/static/e7fbd45ddee537314b7a6fdda19ac7e2/a8240/NU-flag.jpg,average-income
167,Nigeria,923768.0,236747130.0,5600.0,3.0,3.4,45009000000.0,1478.965,9233138070.0,39.0,50.0,928.0,0.7,https://www.cia.gov/the-world-factbook/static/28e23627b09c310dd199c697bc4d3d18/814e6/NI-flag.jpg,average-income
168,Northern Mariana Islands,464.0,51118.0,24500.0,0.0,31.4,6712000000.0,1.0,1283062.0,25.1,4.0,0.0,1.65,https://www.cia.gov/the-world-factbook/static/92c44d539a0904ed319f330a4b427c48/58293/CQ-flag.jpg,average-income
169,Niue,260.0,1815.0,11100.0,0.0,19.63145631067961,6712000000.0,1.628,145200.0,80.0,1.0,70.0,1.65,https://www.cia.gov/the-world-factbook/static/6c50e3cc06ecf91141d7a4f64e36aed0/a8240/NE-flag.jpg,average-income
170,Oman,309500.0,3901992.0,38300.0,3.2,31.3,6712000000.0,0.384,370689240.0,95.0,37.0,57.0,6.0,https://www.cia.gov/the-world-factbook/static/bc66f2c83d46b4c32c2478d43549bd41/ca1eb/MU-flag.jpg,high-income
171,Paracel Islands,8.0,2230.0,0.0,0.0,19.63145631067961,6712000000.0,1.0,0.0,0.0,2.0,0.0,1.65,,low-income
172,Norway,323802.0,5509733.0,90500.0,4.0,26.9,6712000000.0,10.746,545463567.0,99.0,146.0,1720.0,2.2,https://www.cia.gov/the-world-factbook/static/70891da9f9d837c0a540ce8bf197d5c3/ca6b9/NO-flag.gif,high-income
173,Palau,459.0,21864.0,15800.0,0.0,18.1,6712000000.0,1.0,590328.0,27.0,3.0,427.0,1.65,https://www.cia.gov/the-world-factbook/static/f976a2d1c40aa724b820c2d9063ff1db/58b3a/PS-flag.jpg,average-income
174,Panama,75420.0,4470241.0,35900.0,6.5,7.5,6712000000.0,1.0,348678798.0,78.0,77.0,8174.0,1.1,https://www.cia.gov/the-world-factbook/static/43f60e74fdf26edddfd37e46cb8a4b70/58b3a/PM-flag.jpg,high-income
175,Papua New Guinea,462840.0,10046233.0,4200.0,2.7,15.9,7011000000.0,3.59,241109592.0,24.0,569.0,205.0,0.3,https://www.cia.gov/the-world-factbook/static/fca5e93e3b98e54bb506c0a646225778/5956d/PP-flag.jpg,low-income
176,Paraguay,406752.0,7522549.0,15800.0,6.1,10.2,13783000000.0,7560.248,586758822.0,78.0,83.0,108.0,0.8,https://www.cia.gov/the-world-factbook/static/ce65f429ba467a381a41cb1708293847/b7223/PA-flag.jpg,average-income
177,Pakistan,796095.0,252363571.0,5400.0,5.5,15.4,89148000000.0,278.581,6813816417.0,27.0,117.0,60.0,3.0,https://www.cia.gov/the-world-factbook/static/3116d0901edf894fd7506a8959bbcb42/7bcab/PK-flag.jpg,average-income
178,Philippines,300000.0,118277063.0,9900.0,2.2,14.1,63241000000.0,57.291,9935273292.0,84.0,256.0,2203.0,1.5,https://www.cia.gov/the-world-factbook/static/d8a1a426c11d9774d55300d8da9f3f1f/a8240/RP-flag.jpg,average-income
179,Pitcairn Islands,47.0,50.0,0.0,0.0,19.63145631067961,6712000000.0,1.628,4810.0,96.2,0.0,0.0,1.65,https://www.cia.gov/the-world-factbook/static/5ed7e024ba2a0ce3aadec5b4c0dfa493/a8240/PC-flag.jpg,low-income
180,Poland,312685.0,38746310.0,44400.0,2.5,18.1,6712000000.0,3.981,3332182660.0,86.0,318.0,152.0,4.1,https://www.cia.gov/the-world-factbook/static/3c887f3b50380d14cce3cd54504ffc98/cacc7/PL-flag.jpg,high-income
181,Peru,1285216.0,32600249.0,15300.0,4.8,15.9,38102000000.0,3.744,2608019920.0,80.0,174.0,111.0,0.8,https://www.cia.gov/the-world-factbook/static/06be4ed8197216727679629e663da44f/c9c14/PE-flag.jpg,average-income
182,Portugal,92090.0,10207177.0,41800.0,6.4,22.9,6712000000.0,0.924,877817222.0,86.0,128.0,888.0,1.6,https://www.cia.gov/the-world-factbook/static/af180b3f8f3faff0f31a3b53632b7a98/acc32/PO-flag.jpg,high-income
183,Puerto Rico,9104.0,3019450.0,43000.0,5.5,8.9,6712000000.0,1.0,262692150.0,87.0,20.0,0.0,1.65,https://www.cia.gov/the-world-factbook/static/ad53f67ac5201dce67824d461ab32c75/a8240/RQ-flag.jpg,high-income
184,Qatar,11586.0,2552088.0,116200.0,0.1,26.4,6712000000.0,3.64,255208800.0,100.0,8.0,123.0,5.0,https://www.cia.gov/the-world-factbook/static/4b0a28f75b5b75fa195b81a9bec29ecd/995b9/QA-flag.jpg,high-income
185,Romania,238391.0,18148155.0,40700.0,5.4,16.2,6712000000.0,4.598,1615185795.0,89.0,103.0,127.0,2.3,https://www.cia.gov/the-world-factbook/static/d07cdf9b0b839fae260039cbda4ae993/c9c14/RO-flag.jpg,high-income
186,Russia,17098242.0,140820810.0,39800.0,2.5,12.4,135300999999.99998,85.162,12955514520.0,92.0,905.0,2910.0,7.0,https://www.cia.gov/the-world-factbook/static/695666b3ebbdb26647be59617b7eb858/c9c14/RS-flag.jpg,high-income
187,Rwanda,26338.0,13623302.0,3100.0,12.0,13.7,5531000000.0,1318.128,463192268.0,34.0,8.0,0.0,1.4,https://www.cia.gov/the-world-factbook/static/e581e878182e619da50e9b93d263bcad/6e731/RW-flag.jpg,low-income
188,"Saint Helena, Ascension, and Tristan da Cunha",394.0,7943.0,0.0,0.0,19.63145631067961,6712000000.0,0.805,298657.0,37.6,2.0,0.0,1.65,https://www.cia.gov/the-world-factbook/static/cf3ecce2a5fd63e7893ba9fe7d729d6a/5422d/SH-flag.jpg,low-income
189,Saint Kitts and Nevis,261.0,55133.0,30400.0,0.0,15.0,6712000000.0,2.7,4190108.0,76.0,2.0,341.0,1.65,https://www.cia.gov/the-world-factbook/static/d56d14ba4a6e37a07e68f19eeaf84b17/c9c14/SC-flag.jpg,high-income
190,Saint Lucia,616.0,168038.0,23400.0,10.9,18.2,901317000.0,2.7,12434812.0,74.0,2.0,0.0,1.65,https://www.cia.gov/the-world-factbook/static/6e75a452a3759be5e548edc1614b0d13/d3e22/ST-flag.jpg,average-income
191,Saint Martin,50.0,32996.0,0.0,0.0,19.63145631067961,6712000000.0,0.924,1600306.0,48.5,1.0,0.0,1.65,https://www.cia.gov/the-world-factbook/static/6ff09e3ae4da489810f797ab1cf8e366/c9c14/RN-flag.jpg,low-income
192,Saint Pierre and Miquelon,242.0,5132.0,0.0,0.0,19.63145631067961,6712000000.0,0.925,455208.0,88.7,2.0,0.0,1.65,https://www.cia.gov/the-world-factbook/static/ed0a2aa5f0c7d3d7fafeedf0b0e5d706/21004/SB-flag.jpg,low-income
193,Saint Barthelemy,25.0,7086.0,0.0,0.0,19.63145631067961,6712000000.0,0.925,505232.0,71.3,1.0,0.0,1.65,https://www.cia.gov/the-world-factbook/static/6ff09e3ae4da489810f797ab1cf8e366/c9c14/TB-flag.jpg,low-income
194,Saint Vincent and the Grenadines,389.0,100647.0,18300.0,18.1,23.8,456971000.0,2.7,7649172.0,76.0,5.0,830.0,1.65,https://www.cia.gov/the-world-factbook/static/821765cdfb2b89fdf4946a8cb2d7fd2b/5a6d1/VC-flag.jpg,average-income
195,Samoa,2831.0,208853.0,6300.0,4.6,25.0,269974000.0,2.754,12113474.0,58.0,4.0,13.0,1.65,https://www.cia.gov/the-world-factbook/static/1413cf45e17f9b28a31b67fce55c1837/a8240/WS-flag.jpg,average-income
196,San Marino,61.0,35095.0,70900.0,8.1,17.8,6712000000.0,0.924,3053265.0,87.0,1.0,0.0,1.65,https://www.cia.gov/the-world-factbook/static/511c67eb0e25abf3eb2588a0772b8e25/58b3a/SM-flag.jpg,high-income
197,Sao Tome and Principe,964.0,223561.0,5500.0,9.2,26.2,327248000.0,22.658,13860782.0,62.0,2.0,25.0,1.65,https://www.cia.gov/the-world-factbook/static/49eb825c93d1dd0b8dbfb58bba96b917/a8240/TP-flag.jpg,average-income
198,Saudi Arabia,2149690.0,36544431.0,55100.0,3.9,8.9,6712000000.0,3.75,3654443100.0,100.0,90.0,433.0,7.1,https://www.cia.gov/the-world-factbook/static/1ff930d4a62dacfeb4bc3bd5c262549a/61344/SA-flag.jpg,high-income
199,Serbia,77474.0,6652212.0,26000.0,7.4,23.9,21726000000.0,108.208,565438020.0,85.0,46.0,0.0,2.5,https://www.cia.gov/the-world-factbook/static/63a2aebf70b3818de983fa244a311631/97cf3/RI-flag.jpg,high-income
200,Seychelles,455.0,98187.0,29500.0,3.0,26.18,6712000000.0,14.53,8542269.0,87.0,16.0,30.0,1.6,https://www.cia.gov/the-world-factbook/static/58d8944095c6cc912107f37ebeb56df7/97cb4/SE-flag.jpg,high-income
201,Sierra Leone,71740.0,9121049.0,3000.0,3.1,15.6,1451000000.0,21.305,191542029.0,21.0,8.0,584.0,0.6,https://www.cia.gov/the-world-factbook/static/afa8720da2b2832b59abfb0517dd9591/58b3a/SL-flag.jpg,low-income
202,Singapore,719.0,6028459.0,127500.0,3.2,14.0,6712000000.0,1.336,566675146.0,94.0,9.0,3202.0,3.0,https://www.cia.gov/the-world-factbook/static/09767f0bc6d09ecf104f1f147aa9eddd/5b76b/SN-flag.jpg,high-income
203,Senegal,196722.0,18847519.0,4300.0,3.0,19.4,14985000000.0,606.345,1149698659.0,61.0,20.0,36.0,1.5,https://www.cia.gov/the-world-factbook/static/03a9521ca1f35e53c6f56cbc7f30e1fd/58b3a/SG-flag.jpg,low-income
204,Sint Maarten,34.0,46215.0,44900.0,0.0,19.63145631067961,6712000000.0,1.79,4136242.0,89.5,1.0,0.0,1.65,https://www.cia.gov/the-world-factbook/static/7b46eaa4fb933f359f55e2ae0d3712ef/c78e2/NN-flag.jpg,high-income
205,Slovakia,49035.0,5563649.0,39300.0,5.2,19.4,6712000000.0,0.924,500728410.0,90.0,116.0,0.0,2.0,https://www.cia.gov/the-world-factbook/static/84ffb769efe3badaecb055fbbf3f80e8/c9c14/LO-flag.jpg,high-income
206,Solomon Islands,28896.0,726799.0,2500.0,1.5,20.7,184191000.0,8.455,31252357.0,43.0,36.0,25.0,1.65,https://www.cia.gov/the-world-factbook/static/a53181b27ef4c0f454eaa623490a412e/c9c14/BP-flag.jpg,low-income
207,Spratly Islands,5.0,0.0,0.0,0.0,19.63145631067961,6712000000.0,1.0,0.0,0.0,0.0,0.0,1.65,,low-income
208,South Africa,1219090.0,60442647.0,13700.0,33.2,26.0,93879000000.0,18.329,4593641172.0,76.0,573.0,110.0,0.7,https://www.cia.gov/the-world-factbook/static/be87b762d6b2f3a1350607390cf4187e/3a8a8/SF-flag.jpg,average-income
209,South Georgia and South Sandwich Islands,3903.0,0.0,0.0,0.0,19.63145631067961,6712000000.0,0.782,0.0,0.0,0.0,0.0,1.65,https://www.cia.gov/the-world-factbook/static/ba72b07ac383536464b7813f8e25d8f5/a9f34/SX-flag.jpg,low-income
210,Slovenia,20273.0,2097893.0,48200.0,3.4,20.3,6712000000.0,0.924,188810370.0,90.0,42.0,8.0,1.3,https://www.cia.gov/the-world-factbook/static/e4cbb8a2d0882bd05f11d309ade78061/35a22/SI-flag.jpg,high-income
211,South Sudan,644329.0,12703714.0,1600.0,12.5,8.5,6712000000.0,930.331,114333426.0,9.0,89.0,0.0,2.0,https://www.cia.gov/the-world-factbook/static/8174bda0be67b21af4704aebcf9cefcd/a8240/OD-flag.jpg,low-income
212,Spain,505370.0,47280433.0,47100.0,11.4,15.0,6712000000.0,0.924,4491641135.0,95.0,365.0,503.0,1.3,https://www.cia.gov/the-world-factbook/static/d21e89432a1c16c63e5b3c2ecd020800/3d0aa/SP-flag.jpg,high-income
213,Somalia,637657.0,13017273.0,1400.0,18.9,0.0,2563000000.0,23097.987,364483644.0,28.0,40.0,4.0,6.0,https://www.cia.gov/the-world-factbook/static/87dd24dab550d728e620cc9de48788a3/0ac11/SO-flag.jpg,low-income
214,Sri Lanka,65610.0,21982608.0,13000.0,5.0,9.8,42198000000.0,327.507,1121113008.0,51.0,18.0,96.0,1.6,https://www.cia.gov/the-world-factbook/static/9ef112d821395ba3b3d343f12c14fcc7/dc398/CE-flag.jpg,average-income
215,Sudan,1861484.0,50467278.0,2500.0,11.45,7.4,21650000000.0,546.759,1312149228.0,26.0,45.0,14.0,1.0,https://www.cia.gov/the-world-factbook/static/975509e5e814a25c6237cc476395e968/d3e22/SU-flag.jpg,low-income
216,Suriname,163820.0,646758.0,19000.0,7.3,16.4,2645000000.0,33.181,50447124.0,78.0,55.0,13.0,1.2,https://www.cia.gov/the-world-factbook/static/bc5670482c2975b31736f22d1ec958a2/58b3a/NS-flag.jpg,average-income
217,Svalbard,62045.0,2556.0,0.0,0.0,19.63145631067961,6712000000.0,10.563,0.0,0.0,0.0,0.0,1.65,https://www.cia.gov/the-world-factbook/static/c8d2d2313405a63c442e73201de0c8a6/a11fb/SV-flag.jpg,low-income
218,Switzerland,41277.0,8860574.0,82600.0,4.1,9.1,6712000000.0,0.88,859475678.0,97.0,66.0,17.0,0.7,https://www.cia.gov/the-world-factbook/static/c56c352692a6086f7357e7acad58c29e/73cd7/SZ-flag.jpg,high-income
219,Syria,187437.0,23865423.0,4500.0,13.0,4.2,4573000000.0,2505.747,835289805.0,35.0,42.0,24.0,6.5,https://www.cia.gov/the-world-factbook/static/14323b28671effa52b53374bd44e0a4f/de1cf/SY-flag.jpg,low-income
220,Tajikistan,144100.0,10394063.0,4500.0,11.6,10.9,3024000000.0,10.799,592461591.0,57.0,19.0,0.0,1.8,https://www.cia.gov/the-world-factbook/static/2ce3597087585dd37f9ecbfe27d73b52/a8240/TI-flag.jpg,low-income
221,Sweden,450295.0,10589835.0,63100.0,8.5,27.6,6712000000.0,10.568,1016624160.0,96.0,206.0,361.0,2.1,https://www.cia.gov/the-world-factbook/static/3f368b3332301f9bd43f6b20882fcaf6/4a893/SW-flag.jpg,high-income
222,Tanzania,947300.0,67462121.0,3600.0,2.6,11.5,17513000000.0,2297.764,1956401509.0,29.0,206.0,381.0,1.3,https://www.cia.gov/the-world-factbook/static/40b0298a8c1f28852c66afbcd2ff26f5/58b3a/TZ-flag.jpg,low-income
223,Taiwan,35980.0,23595274.0,47800.0,3.73,16.0,6712000000.0,28.211,2123574660.0,90.0,57.0,465.0,2.4,https://www.cia.gov/the-world-factbook/static/4d4a20769d375bd7498c0105a7057255/58b3a/TW-flag.jpg,high-income
224,Thailand,513120.0,69920998.0,21100.0,0.7,15.5,37065000000.0,35.294,6292889820.0,90.0,105.0,884.0,1.1,https://www.cia.gov/the-world-factbook/static/f460216de65e28facddd0270864dfcdd/58b3a/TH-flag.jpg,average-income
225,Togo,56785.0,8917994.0,2800.0,1.9,14.8,1923000000.0,606.345,329965778.0,37.0,7.0,397.0,3.0,https://www.cia.gov/the-world-factbook/static/fb71a9c378dcc6e2fe34dacfd023801f/58b3a/TO-flag.jpg,low-income
226,Tokelau,12.0,2453.0,6004.0,0.0,19.63145631067961,6712000000.0,1.628,143010.0,58.3,0.0,0.0,1.65,https://www.cia.gov/the-world-factbook/static/4a25cb6926d3e3a956f18202949568c0/3a8a8/TL-flag.jpg,average-income
227,Tonga,747.0,104889.0,6900.0,2.2,23.8,159276000.0,2.364,6188451.0,59.0,6.0,29.0,1.6,https://www.cia.gov/the-world-factbook/static/c34f77c6ec53ed4390e75a4acfb2de02/a8240/TN-flag.jpg,average-income
228,Timor-Leste,14874.0,1506909.0,4300.0,1.6,21.6,238042000.0,1.0,51234906.0,34.0,11.0,1.0,2.5,https://www.cia.gov/the-world-factbook/static/6d3bfbfa6f7e5fccd6a73d3c7bef51e6/d3e22/TT-flag.jpg,low-income
229,Trinidad and Tobago,5128.0,1408966.0,31700.0,4.5,16.5,6712000000.0,6.75,119762110.0,85.0,3.0,102.0,0.9,https://www.cia.gov/the-world-factbook/static/a7ab59eaaafd82bd81be8afbe1920e96/81237/TD-flag.jpg,high-income
230,Tunisia,163610.0,12048847.0,12600.0,16.2,24.7,21212000000.0,3.107,867516984.0,72.0,14.0,72.0,2.5,https://www.cia.gov/the-world-factbook/static/40cf28cffd1866bb5dd826a8d74738bd/394f4/TS-flag.jpg,average-income
231,Turkey,783562.0,84119531.0,34600.0,8.4,18.5,149654000000.0,32.806,7318399197.0,87.0,116.0,1170.0,2.1,https://www.cia.gov/the-world-factbook/static/d2202188219748997b1d736da86bf115/c9c14/TU-flag.jpg,high-income
232,Turkmenistan,488100.0,5744151.0,17900.0,4.3,14.9,3696000000.0,4.125,120627171.0,21.0,23.0,73.0,1.9,https://www.cia.gov/the-world-factbook/static/2888883cbb144ce1f6ccd00f44ac0e01/3646e/TX-flag.jpg,average-income
233,Tuvalu,26.0,11733.0,5800.0,0.0,19.63145631067961,6712000000.0,1.515,868242.0,74.0,1.0,270.0,1.65,https://www.cia.gov/the-world-factbook/static/7d005f2fd619c8a6b8c33a055e55f241/a9f34/TV-flag.jpg,average-income
234,Uganda,241038.0,49283041.0,2800.0,2.9,13.0,10469000000.0,3757.262,739245615.0,15.0,39.0,0.0,2.0,https://www.cia.gov/the-world-factbook/static/b8eea5b009db42d21f1c9c468c262d30/71fbe/UG-flag.jpg,low-income
235,Ukraine,603550.0,35661826.0,15900.0,9.8,17.7,90003000000.0,40.152,2924269732.0,82.0,152.0,410.0,4.0,https://www.cia.gov/the-world-factbook/static/87a4aeb8fcc0c39b9318b06ae86fc055/c9c14/UP-flag.jpg,average-income
236,Turks and Caicos Islands,948.0,60439.0,22300.0,0.0,19.63145631067961,6712000000.0,1.0,5651046.0,93.5,9.0,3.0,1.65,https://www.cia.gov/the-world-factbook/static/ed4bb88b91121b505d4e6a06f50a8680/a9f34/TK-flag.jpg,average-income
237,United Arab Emirates,83600.0,10032213.0,68600.0,2.1,0.6,6712000000.0,3.672,1003221300.0,100.0,42.0,655.0,4.0,https://www.cia.gov/the-world-factbook/static/e6bc226d73f9c64b2bff9fa377a60f6e/1e3c2/AE-flag.jpg,high-income
238,United Kingdom,243610.0,68459055.0,54500.0,4.1,27.3,6712000000.0,0.782,6572069280.0,96.0,1057.0,868.0,2.3,https://www.cia.gov/the-world-factbook/static/207adb1f82584e4e4812247ee3870228/5422d/UK-flag.jpg,high-income
239,United States,9833517.0,341963408.0,74600.0,4.1,10.6,6712000000.0,1.369,31802596944.0,93.0,16116.0,3533.0,3.4,https://www.cia.gov/the-world-factbook/static/ee588cf04d974c70ba0b0169ed7e1050/a8344/US-flag.jpg,high-income
240,United States Pacific Island Wildlife Refuges,6959.41,0.0,0.0,0.0,19.63145631067961,6712000000.0,1.369,0.0,0.0,2.0,0.0,1.65,https://www.cia.gov/the-world-factbook/static/ee588cf04d974c70ba0b0169ed7e1050/a8344/UM-flag.jpg,low-income
241,Uruguay,176215.0,3425330.0,31000.0,8.4,18.8,6712000000.0,40.213,308279700.0,90.0,65.0,58.0,2.1,https://www.cia.gov/the-world-factbook/static/01db03859b211f2717de79058894400d/28d2c/UY-flag.jpg,high-income
242,Uzbekistan,447400.0,36520593.0,10000.0,4.5,11.6,25714000000.0,12652.287,3250332777.0,89.0,74.0,0.0,2.8,https://www.cia.gov/the-world-factbook/static/627da7413db8f8a6b23576d04a32af3f/a8240/UZ-flag.jpg,average-income
243,West Bank,5860.0,3243369.0,5300.0,24.4,21.5,6712000000.0,3.36,282173103.0,87.0,1.0,0.0,1.65,,average-income
244,Vanuatu,12189.0,318007.0,3100.0,5.1,17.4,299746000.0,119.112,14628322.0,46.0,31.0,338.0,1.65,https://www.cia.gov/the-world-factbook/static/176472600afd60443027958a36106d2a/93fe8/NH-flag.jpg,low-income
245,Venezuela,912050.0,31250306.0,7704.0,5.5,44.2,6712000000.0,9.975,1937518972.0,62.0,509.0,272.0,0.6,https://www.cia.gov/the-world-factbook/static/09604e4f3c5b8f19f60f1b7d4fc371e2/bee8c/VE-flag.jpg,average-income
246,Vietnam,331210.0,105758975.0,13500.0,1.4,24.8,34426000000.0,24164.886,8249200050.0,78.0,36.0,1973.0,1.8,https://www.cia.gov/the-world-factbook/static/b985142125bd6df381e99ae3508c5e89/58b3a/VM-flag.jpg,average-income
247,Virgin Islands,1910.0,104377.0,46500.0,12.0,28.9,6712000000.0,1.0,6680128.0,64.0,2.0,2.0,1.65,https://www.cia.gov/the-world-factbook/static/ea45ae943045ec5906f97dc88bae3c2b/ed55c/VQ-flag.jpg,high-income
248,Wake Island,7.0,0.0,0.0,0.0,19.63145631067961,6712000000.0,1.369,0.0,0.0,1.0,0.0,1.65,https://www.cia.gov/the-world-factbook/static/ee588cf04d974c70ba0b0169ed7e1050/a8344/WQ-flag.jpg,low-income
249,Wallis and Futuna,142.0,15964.0,0.0,0.0,19.63145631067961,6712000000.0,110.347,731151.0,45.8,2.0,1.0,1.65,https://www.cia.gov/the-world-factbook/static/a90e16006ee292e8e781436090ca3d49/bee9b/WF-flag.jpg,low-income
250,Yemen,527968.0,32140443.0,2500.0,17.1,9.0,6492000000.0,1355.116,449966202.0,14.0,37.0,30.0,1.65,https://www.cia.gov/the-world-factbook/static/ef03f3a4740eb9c84e5bd7686c86b09f/c9c14/YM-flag.jpg,low-income
251,Zambia,752618.0,20799116.0,3700.0,6.0,16.8,16597000000.000002,26.166,686370828.0,33.0,120.0,2.0,1.4,https://www.cia.gov/the-world-factbook/static/22265a635536d5a54f69ca096cc1a5c1/0ac11/ZA-flag.jpg,low-income
252,Zimbabwe,390757.0,17150352.0,3400.0,8.6,7.2,6671000000.0,3266.332,651713376.0,38.0,144.0,0.0,0.3,https://www.cia.gov/the-world-factbook/static/e13c66cda41e184c1222b22c83e98d66/b4d1b/ZI-flag.jpg,low-income
